[{"name": "neof_yj", "thumb_dir": "neof_yj/932.jpg"}, {"name": "k.fash10n", "thumb_dir": "k.fash10n/620.jpg"}, {"name": "angelic_co_", "thumb_dir": "angelic_co_/565.jpg"}, {"name": "ini_iii", "thumb_dir": "ini_iii/187.jpg"}, {"name": "purehajung", "thumb_dir": "purehajung/1077.jpg"}, {"name": "eden.seoul", "thumb_dir": "eden.seoul/507.jpg"}, {"name": "vin_vle", "thumb_dir": "vin_vle/992.jpg"}, {"name": "bigking0720", "thumb_dir": "bigking0720/810.jpg"}, {"name": "ddalgiwoouuuuuuuuu", "thumb_dir": "ddalgiwoouuuuuuuuu/960.jpg"}, {"name": "xxehiie", "thumb_dir": "xxehiie/231.jpg"}, {"name": "_moaol", "thumb_dir": "_moaol/872.jpg"}, {"name": "aiko_casual", "thumb_dir": "aiko_casual/881.jpg"}, {"name": "dressesloves", "thumb_dir": "dressesloves/861.jpg"}, {"name": "_sosovely_", "thumb_dir": "_sosovely_/248.jpg"}, {"name": "closetme_official", "thumb_dir": "closetme_official/275.jpg"}, {"name": "beigee_au", "thumb_dir": "beigee_au/114.jpg"}, {"name": "darkvictory_official", "thumb_dir": "darkvictory_official/538.jpg"}, {"name": "poe_mini", "thumb_dir": "poe_mini/019.jpg"}, {"name": "mangomanyplease", "thumb_dir": "mangomanyplease/385.jpg"}, {"name": "honeysoymelon", "thumb_dir": "honeysoymelon/686.jpg"}, {"name": "lnfashion", "thumb_dir": "lnfashion/135.jpg"}, {"name": "popo.co_", "thumb_dir": "popo.co_/891.jpg"}, {"name": "mori__closet", "thumb_dir": "mori__closet/121.jpg"}, {"name": "uau__shop", "thumb_dir": "uau__shop/1146.jpg"}, {"name": "k.korean.fashion", "thumb_dir": "k.korean.fashion/672.jpg"}, {"name": "the__ene", "thumb_dir": "the__ene/469.jpg"}, {"name": "femmemuse_official", "thumb_dir": "femmemuse_official/350.jpg"}, {"name": "pingnugget", "thumb_dir": "pingnugget/036.jpg"}, {"name": "masha_jlynn", "thumb_dir": "masha_jlynn/1019.jpg"}, {"name": "oinii_official", "thumb_dir": "oinii_official/072.jpg"}, {"name": "andsimpleofficial", "thumb_dir": "andsimpleofficial/717.jpg"}, {"name": "nawonny", "thumb_dir": "nawonny/444.jpg"}, {"name": "butterheim", "thumb_dir": "butterheim/423.jpg"}, {"name": "luvpigi", "thumb_dir": "luvpigi/1125.jpg"}, {"name": "float.un", "thumb_dir": "float.un/921.jpg"}, {"name": "strawberry.korea", "thumb_dir": "strawberry.korea/653.jpg"}, {"name": "4x2a", "thumb_dir": "4x2a/947.jpg"}, {"name": "hee.xox", "thumb_dir": "hee.xox/467.jpg"}, {"name": "marhenbreeze_official", "thumb_dir": "marhenbreeze_official/416.jpg"}, {"name": "acubi_club", "thumb_dir": "acubi_club/556.jpg"}, {"name": "etmon_official", "thumb_dir": "etmon_official/481.jpg"}, {"name": "frombeginning_", "thumb_dir": "frombeginning_/310.jpg"}, {"name": "januaryrose_insta", "thumb_dir": "januaryrose_insta/002.jpg"}, {"name": "yeyo.kr", "thumb_dir": "yeyo.kr/214.jpg"}, {"name": "yuini.co.kr", "thumb_dir": "yuini.co.kr/164.jpg"}, {"name": "0.94k", "thumb_dir": "0.94k/327.jpg"}, {"name": "asyoulikeit_shop", "thumb_dir": "asyoulikeit_shop/066.jpg"}, {"name": "moda.coreana", "thumb_dir": "moda.coreana/783.jpg"}, {"name": "vintagethefestival", "thumb_dir": "vintagethefestival/1022.jpg"}, {"name": "rrace_official", "thumb_dir": "rrace_official/996.jpg"}, {"name": "myojaeng", "thumb_dir": "myojaeng/663.jpg"}, {"name": "by_lamour", "thumb_dir": "by_lamour/601.jpg"}, {"name": "suave_thisisit", "thumb_dir": "suave_thisisit/1056.jpg"}, {"name": "line_b_official", "thumb_dir": "line_b_official/1159.jpg"}, {"name": "commonunique_official", "thumb_dir": "commonunique_official/195.jpg"}, {"name": "_daisyys", "thumb_dir": "_daisyys/432.jpg"}, {"name": "j_blin", "thumb_dir": "j_blin/587.jpg"}, {"name": "naninvintage", "thumb_dir": "naninvintage/1043.jpg"}, {"name": "_noncode_", "thumb_dir": "_noncode_/261.jpg"}, {"name": "__kfashions", "thumb_dir": "__kfashions/593.jpg"}, {"name": "peachvin_", "thumb_dir": "peachvin_/281.jpg"}, {"name": "see.youl", "thumb_dir": "see.youl/792.jpg"}, {"name": "huagaleria", "thumb_dir": "huagaleria/733.jpg"}, {"name": "bleu_roze_", "thumb_dir": "bleu_roze_/1170.jpg"}, {"name": "blackup_kr", "thumb_dir": "blackup_kr/291.jpg"}, {"name": "lovnav_official", "thumb_dir": "lovnav_official/097.jpg"}, {"name": "lulus", "thumb_dir": "lulus/543.jpg"}, {"name": "bitda_com", "thumb_dir": "bitda_com/404.jpg"}, {"name": "londonbus.official___wholesale", "thumb_dir": "londonbus.official___wholesale/1081.jpg"}, {"name": "fromgirls55", "thumb_dir": "fromgirls55/323.jpg"}, {"name": "_unjin_", "thumb_dir": "_unjin_/087.jpg"}, {"name": "k.orean.style", "thumb_dir": "k.orean.style/775.jpg"}, {"name": "cosmiccgirlss", "thumb_dir": "cosmiccgirlss/836.jpg"}, {"name": "choa_joah", "thumb_dir": "choa_joah/721.jpg"}, {"name": "someday__s", "thumb_dir": "someday__s/705.jpg"}, {"name": "heartberry_studio", "thumb_dir": "heartberry_studio/383.jpg"}, {"name": "milkteas.co", "thumb_dir": "milkteas.co/953.jpg"}, {"name": "yujin._.0627", "thumb_dir": "yujin._.0627/503.jpg"}, {"name": "korean_styless_", "thumb_dir": "korean_styless_/338.jpg"}, {"name": "jessavintage", "thumb_dir": "jessavintage/168.jpg"}, {"name": "rosemelon.kr", "thumb_dir": "rosemelon.kr/624.jpg"}, {"name": "lecelona", "thumb_dir": "lecelona/749.jpg"}, {"name": "arif.house", "thumb_dir": "arif.house/524.jpg"}, {"name": "sin_hj_", "thumb_dir": "sin_hj_/826.jpg"}, {"name": "aestheticssoul_", "thumb_dir": "aestheticssoul_/1052.jpg"}, {"name": "chaedo_nayoung", "thumb_dir": "chaedo_nayoung/1106.jpg"}, {"name": "melangfig", "thumb_dir": "melangfig/850.jpg"}, {"name": "mnem__official", "thumb_dir": "mnem__official/145.jpg"}, {"name": "korean.fashion.xx", "thumb_dir": "korean.fashion.xx/764.jpg"}, {"name": "and_more_seoul", "thumb_dir": "and_more_seoul/1101.jpg"}, {"name": "closeclip", "thumb_dir": "closeclip/225.jpg"}, {"name": "maysome_official", "thumb_dir": "maysome_official/370.jpg"}, {"name": "keemluv", "thumb_dir": "keemluv/976.jpg"}, {"name": "nyeongcloset", "thumb_dir": "nyeongcloset/054.jpg"}]